Country name,LGDP,Support,HLE,Freedom,Corruption,Continent,Ladder_score
Venezuela,5.527,0.839,64.05,0.659,0.811,South America,5.211
Congo (Kinshasa),7.007,0.652,55.375,0.664,0.834,Africa,3.207
Niger,7.091,0.59,56.55,0.788,0.734,Africa,4.501
Mozambique,7.116,0.692,51.53,0.851,0.66,Africa,4.954
Chad,7.261,0.722,53.125,0.677,0.807,Africa,4.397
Liberia,7.277,0.596,56.7,0.735,0.83,Africa,4.042
Madagascar,7.29,0.65,58.05,0.522,0.742,Africa,4.019
Malawi,7.302,0.531,58.475,0.75,0.749,Africa,3.495
Afghanistan,7.324,0.341,54.712,0.382,0.847,Asia,1.859
Sierra Leone,7.394,0.555,54.9,0.66,0.858,Africa,3.138
Zimbabwe,7.641,0.69,54.05,0.654,0.766,Africa,3.204
Gambia,7.648,0.584,57.9,0.596,0.883,Africa,4.279
Mali,7.655,0.593,55.403,0.713,0.846,Africa,4.198
Burkina Faso,7.667,0.663,55.461,0.696,0.771,Africa,4.638
Togo,7.673,0.595,57.449,0.657,0.74,Africa,4.137
Uganda,7.716,0.794,58.913,0.701,0.857,Africa,4.432
Ethiopia,7.739,0.782,60.698,0.72,0.789,Africa,4.091
Tanzania,7.857,0.653,59.401,0.838,0.554,Africa,3.694
Guinea,7.88,0.649,54.185,0.659,0.787,Africa,5.072
Zambia,8.074,0.694,55.032,0.791,0.818,Africa,3.982
Comoros,8.075,0.471,59.425,0.47,0.727,Africa,3.545
Congo (Brazzaville),8.095,0.605,56.85,0.73,0.739,Africa,5.267
Benin,8.103,0.437,56.095,0.743,0.576,Africa,4.374
Senegal,8.155,0.629,59.999,0.772,0.846,Africa,4.855
Cameroon,8.217,0.686,55.847,0.686,0.846,Africa,4.973
Tajikistan,8.237,0.836,62.226,0.832,0.522,Asia,5.33
Nepal,8.256,0.748,61.847,0.808,0.783,Asia,5.36
Cambodia,8.385,0.747,61.9,0.958,0.857,Asia,4.393
Myanmar,8.404,0.787,61.388,0.727,0.658,Asia,4.372
Kenya,8.458,0.69,58.499,0.696,0.852,Africa,4.487
Kyrgyzstan,8.486,0.911,66.852,0.934,0.904,Asia,5.825
Nigeria,8.496,0.74,54.891,0.718,0.911,Africa,4.981
Pakistan,8.54,0.601,57.313,0.766,0.787,Asia,4.555
Ivory Coast,8.576,0.572,55.953,0.733,0.746,Africa,5.053
Mauritania,8.591,0.644,60.475,0.622,0.657,Africa,4.724
Ghana,8.596,0.641,58.763,0.777,0.881,Africa,4.605
Nicaragua,8.618,0.853,65.65,0.877,0.625,North America,6.259
Honduras,8.635,0.766,64.063,0.843,0.843,North America,6.023
Bangladesh,8.685,0.544,64.548,0.845,0.698,Asia,4.282
State of Palestine,8.716,0.859,,0.694,0.836,Asia,4.908
India,8.759,0.608,60.777,0.897,0.774,Asia,4.036
Uzbekistan,8.948,0.875,65.301,0.938,0.638,Asia,6.014
Laos,8.962,0.679,60.946,0.919,0.703,Asia,5.111
Morocco,8.973,0.553,63.901,0.787,0.811,Africa,4.903
Philippines,8.979,0.78,62.038,0.919,0.732,Asia,5.523
Bolivia,8.985,0.811,63.599,0.868,0.846,South America,5.684
El Salvador,9.089,0.755,65.597,0.918,0.62,North America,6.122
Iraq,9.098,0.718,63.415,0.646,0.876,Asia,4.941
Guatemala,9.116,0.812,62.9,0.856,0.837,North America,6.15
Namibia,9.121,0.787,56.851,0.669,0.83,Africa,4.631
Jordan,9.13,0.729,67.6,0.77,0.687,Asia,4.12
Jamaica,9.165,0.867,66.6,0.822,0.875,North America,5.703
Tunisia,9.244,0.73,67,0.576,0.907,Africa,4.497
Ecuador,9.27,0.806,69,0.802,0.833,South America,5.559
Vietnam,9.287,0.821,65.502,0.939,0.759,Asia,5.763
Algeria,9.3,0.855,66.549,0.571,0.717,Africa,5.329
Ukraine,9.314,0.878,64.55,0.795,0.907,Europe,5.071
Kosovo,9.359,0.844,65.195,0.861,0.866,Europe,6.368
Egypt,9.367,0.726,63.503,0.732,0.58,Africa,4.17
Mongolia,9.372,0.933,60.5,0.701,0.849,Asia,5.84
Indonesia,9.385,0.804,63.048,0.88,0.876,Asia,5.277
Peru,9.402,0.798,69.85,0.794,0.892,South America,5.526
South Africa,9.478,0.907,56.989,0.73,0.902,Africa,5.275
Lebanon,9.478,0.53,66.149,0.474,0.891,Asia,2.392
Sri Lanka,9.491,0.826,67.15,0.787,0.808,Asia,4.442
Moldova,9.499,0.857,65.299,0.84,0.901,Europe,5.819
Paraguay,9.51,0.906,65.9,0.891,0.843,South America,5.738
Gabon,9.537,0.746,58.252,0.642,0.786,Africa,5.035
Albania,9.567,0.718,69.15,0.794,0.878,Europe,5.277
Brazil,9.582,0.836,65.749,0.801,0.738,South America,6.125
Colombia,9.584,0.822,69.35,0.804,0.834,South America,5.63
Iran,9.61,0.778,66.6,0.593,0.747,Asia,4.876
Armenia,9.615,0.79,67.789,0.796,0.705,Asia,5.342
Bosnia and Herzegovina,9.616,0.88,67.275,0.746,0.918,Europe,5.633
Botswana,9.629,0.753,54.725,0.742,0.83,Africa,3.435
Georgia,9.646,0.716,64.95,0.786,0.649,Europe,5.109
North Macedonia,9.703,0.805,66.5,0.769,0.902,Europe,5.254
China,9.738,0.836,68.689,0.882,0.727,Asia,5.818
Thailand,9.751,0.874,68.45,0.85,0.91,Asia,5.843
Dominican Republic,9.811,0.827,64.399,0.85,0.657,North America,5.569
Montenegro,9.813,0.89,67.1,0.805,0.844,Europe,5.722
Mexico,9.85,0.804,65.8,0.856,0.768,North America,6.33
Serbia,9.854,0.873,67.088,0.845,0.816,Europe,6.144
Costa Rica,9.952,0.872,70,0.895,0.768,North America,6.609
Mauritius,9.957,0.888,63.85,0.813,0.775,Africa,5.902
Argentina,9.959,0.891,67.2,0.823,0.814,South America,6.024
Uruguay,10.037,0.913,67.5,0.895,0.575,South America,6.494
Bulgaria,10.087,0.918,66.5,0.801,0.911,Europe,5.466
Chile,10.114,0.889,70.3,0.792,0.823,South America,6.334
Kazakhstan,10.166,0.931,65.802,0.853,0.721,Asia,6.144
Malaysia,10.169,0.799,65.662,0.877,0.758,Asia,6.012
Russia,10.21,0.889,64.947,0.719,0.801,Asia,5.661
Greece,10.288,0.835,71.15,0.568,0.793,Europe,5.931
Panama,10.305,0.896,68.95,0.855,0.878,North America,6.265
Turkiye,10.307,0.796,68.663,0.475,0.795,Asia,4.614
Romania,10.339,0.848,67.051,0.856,0.929,Europe,6.589
Croatia,10.341,0.917,68.95,0.757,0.925,Europe,6.125
Slovakia,10.353,0.953,68.838,0.753,0.898,Europe,6.469
Latvia,10.37,0.937,66.4,0.818,0.83,Europe,6.213
Hungary,10.419,0.943,67.5,0.758,0.839,Europe,6.041
Portugal,10.429,0.878,71.25,0.902,0.878,Europe,5.968
Poland,10.453,0.925,69.049,0.765,0.736,Europe,6.26
Spain,10.54,0.932,72.35,0.782,0.711,Europe,6.436
Estonia,10.541,0.946,69.65,0.929,0.409,Europe,6.455
Lithuania,10.568,0.939,67.397,0.748,0.805,Europe,6.763
Slovenia,10.588,0.951,71.052,0.913,0.771,Europe,6.65
Czechia,10.611,0.953,69.05,0.903,0.859,Europe,6.845
Cyprus,10.611,0.826,72.802,0.724,0.86,Europe,6.13
Japan,10.616,0.894,74.349,0.799,0.64,Asia,6.129
Italy,10.634,0.882,72.05,0.711,0.842,Europe,6.405
Israel,10.639,0.943,72.697,0.809,0.708,Asia,7.473
Malta,10.661,0.923,71.6,0.886,0.729,Europe,6.3
New Zealand,10.662,0.952,70.35,0.887,0.271,Oceania,7.123
South Korea,10.693,0.812,73.65,0.717,0.701,Asia,5.951
France,10.701,0.909,72.3,0.819,0.553,Europe,6.661
United Kingdom,10.704,0.882,70.3,0.852,0.454,Europe,6.796
Saudi Arabia,10.715,0.884,64.399,0.894,0.691,Asia,6.463
Canada,10.773,0.929,71.4,0.874,0.42,North America,6.961
Bahrain,10.776,0.844,65.825,0.944,0.737,Asia,6.173
Finland,10.792,0.969,71.15,0.961,0.182,Europe,7.804
Taiwan Province of China,10.797,0.884,69.6,0.804,0.681,Asia,6.535
Australia,10.821,0.934,71.05,0.89,0.496,Oceania,7.095
Belgium,10.844,0.915,70.899,0.825,0.549,Europe,6.859
Germany,10.879,0.896,71.3,0.846,0.42,Europe,6.892
Sweden,10.883,0.939,72.15,0.948,0.202,Europe,7.395
Iceland,10.896,0.983,72.05,0.936,0.668,Europe,7.53
Austria,10.899,0.888,71.15,0.855,0.497,Europe,7.097
Netherlands,10.942,0.93,71.55,0.887,0.379,Europe,7.403
Denmark,10.962,0.954,71.25,0.934,0.196,Europe,7.586
Hong Kong S.A.R. of China,10.966,0.817,77.28,0.687,0.385,Asia,5.308
United States,11.048,0.919,65.85,0.8,0.689,North America,6.894
Norway,11.088,0.943,71.5,0.947,0.283,Europe,7.315
United Arab Emirates,11.145,0.826,66.243,0.942,0.584,Asia,6.571
Switzerland,11.164,0.92,72.9,0.891,0.266,Europe,7.24
Ireland,11.527,0.905,71.3,0.874,0.358,Europe,6.911
Singapore,11.571,0.878,73.8,0.878,0.146,Asia,6.587
Luxembourg,11.66,0.879,71.675,0.915,0.345,Europe,7.228
